,General fear level,Big One fear level,Big One expected,Earthquake experience,Prepered,Familiarity with SAF,Familiarity with YS
0,0,1,No,1.0,No,2.0,1.0
1,2,3,No,1.0,No,0.0,0.0
2,1,2,No,1.0,No,3.0,2.0
3,1,1,No,1.0,No,3.0,1.0
4,1,1,Yes,1.0,No,2.0,4.0
5,0,0,No,1.0,No,3.0,1.0
7,0,0,No,0.0,No,1.0,0.0
8,0,0,No,1.0,No,3.0,2.0
9,0,0,No,0.0,No,0.0,1.0
10,0,1,No,2.0,No,2.0,1.0
11,0,0,No,0.0,No,4.0,4.0
13,2,3,Yes,1.0,No,2.0,1.0
14,1,1,No,0.0,No,3.0,2.0
15,1,2,Yes,1.0,No,2.0,2.0
16,0,0,No,0.0,No,2.0,2.0
17,1,2,Yes,1.0,No,1.0,2.0
18,1,1,Yes,1.0,No,2.0,2.0
19,3,4,Yes,1.0,No,2.0,1.0
20,0,0,No,0.0,No,2.0,2.0
21,0,0,No,0.0,No,2.0,3.0
22,0,0,No,1.0,No,0.0,0.0
23,1,3,Yes,1.0,No,3.0,3.0
24,0,0,Yes,1.0,No,2.0,2.0
26,0,0,No,1.0,No,3.0,3.0
27,0,0,No,1.0,No,4.0,1.0
28,2,3,No,0.0,No,3.0,2.0
29,1,1,No,0.0,No,1.0,0.0
30,1,2,Yes,1.0,No,1.0,1.0
31,2,2,No,1.0,No,0.0,0.0
34,2,2,Yes,1.0,Yes,2.0,2.0
35,0,0,No,2.0,Yes,4.0,4.0
36,0,0,No,0.0,No,2.0,2.0
37,0,0,Yes,0.0,No,2.0,1.0
38,2,2,Yes,1.0,Yes,3.0,3.0
39,0,0,No,1.0,No,4.0,4.0
41,0,0,No,0.0,No,1.0,1.0
42,1,2,Yes,2.0,Yes,4.0,3.0
43,3,3,Yes,1.0,Yes,1.0,3.0
44,2,2,Yes,1.0,No,1.0,1.0
45,0,2,Yes,1.0,Yes,0.0,0.0
46,1,3,Yes,0.0,Yes,2.0,2.0
47,4,4,Yes,2.0,Yes,4.0,4.0
48,0,0,No,0.0,No,4.0,4.0
49,2,1,Yes,1.0,No,4.0,3.0
50,2,2,Yes,2.0,No,3.0,2.0
51,2,2,Yes,2.0,Yes,4.0,2.0
52,0,0,No,0.0,No,3.0,3.0
53,0,0,No,1.0,No,3.0,3.0
54,1,1,No,1.0,No,3.0,1.0
55,4,4,No,1.0,No,2.0,2.0
56,3,0,No,1.0,No,3.0,3.0
57,1,1,No,1.0,No,2.0,2.0
58,3,3,No,1.0,No,3.0,3.0
59,1,2,Yes,1.0,No,3.0,2.0
60,1,1,No,2.0,Yes,3.0,2.0
61,2,3,No,0.0,No,2.0,3.0
62,2,2,Yes,2.0,Yes,3.0,3.0
63,2,3,Yes,2.0,Yes,2.0,0.0
64,0,0,No,1.0,No,3.0,3.0
65,1,1,No,1.0,No,2.0,1.0
66,1,1,No,1.0,No,3.0,1.0
67,3,3,No,1.0,No,3.0,3.0
68,2,2,Yes,2.0,Yes,3.0,3.0
69,1,2,Yes,0.0,Yes,2.0,0.0
70,2,3,No,0.0,No,2.0,2.0
71,4,4,Yes,0.0,No,0.0,0.0
72,3,4,Yes,1.0,Yes,2.0,0.0
73,1,1,No,2.0,Yes,4.0,4.0
74,2,2,No,0.0,No,0.0,0.0
75,2,2,Yes,0.0,Yes,2.0,3.0
76,0,0,No,1.0,No,1.0,2.0
77,2,2,Yes,2.0,Yes,2.0,0.0
78,3,3,Yes,1.0,Yes,2.0,3.0
79,0,0,No,0.0,No,2.0,2.0
80,0,0,No,0.0,No,3.0,2.0
81,4,4,Yes,1.0,Yes,1.0,2.0
82,2,2,Yes,1.0,Yes,4.0,4.0
83,1,2,Yes,1.0,Yes,2.0,2.0
84,4,4,Yes,0.0,Yes,3.0,4.0
85,2,2,Yes,1.0,Yes,2.0,2.0
86,1,1,Yes,1.0,Yes,3.0,2.0
88,4,4,Yes,1.0,No,4.0,4.0
89,1,1,No,0.0,No,3.0,1.0
91,3,3,Yes,1.0,Yes,3.0,3.0
92,0,0,No,0.0,No,2.0,3.0
93,4,4,No,1.0,No,3.0,4.0
94,2,2,Yes,1.0,No,3.0,3.0
95,0,0,No,0.0,No,0.0,0.0
96,0,0,No,0.0,No,0.0,0.0
97,0,0,No,0.0,No,2.0,2.0
98,2,2,Yes,1.0,No,2.0,0.0
99,2,4,No,2.0,Yes,3.0,2.0
100,2,2,No,1.0,No,2.0,0.0
101,0,0,No,0.0,No,2.0,1.0
102,2,1,Yes,2.0,Yes,2.0,2.0
103,0,0,No,0.0,No,2.0,2.0
104,1,1,Yes,1.0,No,2.0,2.0
105,3,4,Yes,0.0,No,0.0,0.0
106,1,1,Yes,1.0,No,1.0,0.0
107,0,0,Yes,2.0,Yes,1.0,0.0
108,1,2,Yes,0.0,No,3.0,3.0
109,0,0,Yes,1.0,No,2.0,2.0
110,0,0,Yes,0.0,No,2.0,2.0
111,1,1,Yes,0.0,No,1.0,1.0
112,2,2,Yes,1.0,Yes,4.0,4.0
113,1,1,Yes,0.0,No,2.0,3.0
114,2,2,No,2.0,Yes,3.0,2.0
115,2,2,No,0.0,Yes,1.0,2.0
116,0,0,No,1.0,No,2.0,1.0
117,0,0,No,1.0,No,2.0,0.0
118,2,1,Yes,1.0,No,4.0,1.0
119,4,4,Yes,0.0,No,0.0,0.0
120,0,1,Yes,1.0,No,3.0,3.0
121,1,1,No,1.0,Yes,4.0,2.0
122,2,2,Yes,1.0,Yes,2.0,0.0
123,0,0,Yes,1.0,No,2.0,2.0
124,2,3,Yes,1.0,No,3.0,3.0
125,3,3,No,1.0,No,4.0,4.0
126,2,2,Yes,0.0,No,2.0,2.0
127,2,1,No,1.0,No,2.0,2.0
128,0,0,No,0.0,Yes,3.0,3.0
129,0,1,No,1.0,No,2.0,3.0
130,1,1,Yes,0.0,No,1.0,1.0
131,0,0,No,0.0,Yes,3.0,1.0
132,1,1,No,0.0,No,2.0,2.0
133,0,0,No,0.0,No,3.0,0.0
134,1,2,No,2.0,Yes,2.0,3.0
135,0,0,No,1.0,No,3.0,3.0
136,1,2,No,1.0,No,3.0,0.0
137,0,0,Yes,2.0,Yes,4.0,4.0
138,1,2,Yes,1.0,Yes,2.0,1.0
139,0,1,No,0.0,No,3.0,3.0
140,4,4,Yes,1.0,Yes,0.0,0.0
141,2,1,No,1.0,Yes,2.0,0.0
143,2,2,No,0.0,No,4.0,4.0
145,1,2,Yes,1.0,No,2.0,0.0
146,3,3,Yes,2.0,No,3.0,3.0
147,0,1,No,0.0,No,3.0,1.0
148,0,0,Yes,2.0,Yes,2.0,4.0
149,1,1,No,0.0,No,2.0,0.0
150,1,2,Yes,0.0,No,3.0,3.0
152,4,4,Yes,2.0,Yes,4.0,4.0
153,2,2,No,1.0,No,2.0,3.0
154,0,0,No,1.0,No,3.0,2.0
155,0,0,Yes,1.0,No,2.0,2.0
156,1,1,No,2.0,Yes,3.0,1.0
157,1,1,Yes,2.0,Yes,3.0,3.0
158,1,2,Yes,1.0,No,2.0,2.0
159,4,4,No,1.0,No,2.0,4.0
160,1,2,No,1.0,No,3.0,3.0
161,1,1,No,1.0,Yes,3.0,1.0
163,1,0,No,0.0,No,3.0,1.0
164,1,0,No,1.0,No,2.0,0.0
165,2,2,Yes,1.0,No,3.0,4.0
166,1,0,No,1.0,No,2.0,2.0
167,0,2,No,0.0,No,0.0,0.0
168,0,0,Yes,1.0,No,2.0,0.0
169,0,0,No,1.0,No,4.0,4.0
170,4,3,Yes,0.0,No,0.0,4.0
171,2,2,Yes,2.0,No,3.0,1.0
172,1,1,No,2.0,No,3.0,1.0
173,2,2,Yes,0.0,Yes,2.0,2.0
174,0,0,No,0.0,No,3.0,1.0
175,1,1,No,1.0,No,2.0,1.0
177,2,0,No,1.0,Yes,0.0,0.0
178,4,4,Yes,1.0,No,3.0,2.0
179,0,0,Yes,2.0,Yes,4.0,4.0
180,1,1,No,1.0,No,4.0,4.0
181,0,0,No,0.0,No,2.0,1.0
184,0,0,No,1.0,Yes,1.0,1.0
185,1,1,No,0.0,No,2.0,1.0
186,1,0,No,0.0,No,2.0,0.0
187,1,1,Yes,1.0,No,3.0,0.0
188,3,3,No,2.0,Yes,3.0,3.0
189,1,0,No,1.0,No,2.0,1.0
190,0,0,No,0.0,No,1.0,0.0
191,2,2,Yes,1.0,No,2.0,1.0
192,2,2,Yes,1.0,No,2.0,2.0
193,0,0,No,2.0,Yes,4.0,4.0
194,1,2,Yes,2.0,No,3.0,1.0
195,2,1,Yes,1.0,Yes,3.0,3.0
196,1,2,Yes,0.0,No,2.0,2.0
197,1,1,Yes,1.0,No,3.0,1.0
198,1,1,No,0.0,No,2.0,2.0
199,1,1,Yes,0.0,No,3.0,3.0
200,0,0,No,0.0,No,0.0,0.0
201,2,3,Yes,2.0,No,2.0,2.0
202,0,2,No,0.0,No,2.0,3.0
203,1,1,Yes,1.0,No,2.0,1.0
204,2,2,No,1.0,Yes,3.0,2.0
205,0,0,Yes,1.0,No,3.0,3.0
206,2,2,No,0.0,No,1.0,1.0
207,0,0,No,0.0,No,2.0,1.0
208,1,1,Yes,2.0,Yes,4.0,3.0
209,2,2,No,2.0,No,2.0,3.0
210,0,0,No,1.0,No,3.0,0.0
211,0,0,Yes,2.0,Yes,4.0,4.0
212,1,2,No,1.0,No,0.0,3.0
213,0,0,No,0.0,No,1.0,2.0
214,0,3,Yes,0.0,No,2.0,2.0
215,1,1,Yes,1.0,No,3.0,2.0
216,0,0,No,0.0,No,4.0,4.0
217,1,2,Yes,1.0,Yes,3.0,3.0
218,1,1,Yes,2.0,Yes,4.0,0.0
219,3,3,Yes,1.0,No,2.0,1.0
220,0,0,No,0.0,No,0.0,0.0
221,0,0,Yes,0.0,No,0.0,0.0
222,2,2,No,0.0,No,2.0,2.0
223,1,2,No,1.0,No,1.0,2.0
224,1,1,No,1.0,No,0.0,0.0
225,0,0,No,0.0,No,3.0,2.0
226,3,4,No,1.0,Yes,4.0,2.0
227,0,1,No,0.0,No,2.0,0.0
228,2,2,Yes,1.0,No,3.0,4.0
229,0,0,No,0.0,No,0.0,0.0
230,1,2,Yes,1.0,No,2.0,1.0
231,2,3,Yes,2.0,Yes,2.0,2.0
232,2,1,No,1.0,Yes,3.0,2.0
233,0,0,No,0.0,No,2.0,2.0
234,1,1,Yes,2.0,No,2.0,2.0
235,1,1,Yes,0.0,No,3.0,3.0
237,0,0,No,1.0,No,4.0,4.0
238,1,3,No,0.0,Yes,1.0,2.0
239,0,1,No,1.0,No,2.0,1.0
240,2,1,No,1.0,No,2.0,0.0
241,1,3,No,0.0,No,0.0,0.0
242,2,1,Yes,2.0,No,4.0,2.0
243,2,2,Yes,1.0,No,2.0,2.0
244,1,1,No,2.0,Yes,1.0,1.0
245,4,4,No,0.0,No,0.0,0.0
246,2,3,Yes,0.0,No,3.0,2.0
247,1,1,No,0.0,No,1.0,1.0
248,1,1,No,1.0,No,3.0,2.0
249,3,4,Yes,1.0,No,1.0,1.0
250,1,1,No,1.0,No,3.0,3.0
251,3,4,No,0.0,Yes,1.0,1.0
252,1,1,No,1.0,No,1.0,1.0
253,3,4,Yes,0.0,No,2.0,4.0
254,0,0,No,2.0,No,3.0,4.0
255,4,4,Yes,0.0,Yes,0.0,0.0
256,0,0,No,1.0,Yes,0.0,0.0
257,0,0,No,0.0,No,1.0,0.0
258,0,0,No,1.0,No,3.0,2.0
259,2,2,No,1.0,Yes,2.0,2.0
260,1,0,No,1.0,No,2.0,2.0
261,0,0,No,1.0,No,2.0,0.0
262,4,4,Yes,0.0,No,3.0,1.0
263,0,0,Yes,1.0,No,2.0,3.0
264,2,2,Yes,1.0,Yes,1.0,2.0
265,0,0,No,0.0,No,2.0,0.0
266,2,2,No,0.0,No,2.0,2.0
267,0,0,No,0.0,No,2.0,0.0
268,2,2,Yes,1.0,No,3.0,1.0
269,0,0,Yes,0.0,No,2.0,0.0
270,0,0,No,2.0,No,3.0,0.0
271,2,2,Yes,1.0,No,3.0,2.0
272,1,1,No,1.0,No,2.0,3.0
273,1,1,Yes,2.0,No,2.0,1.0
274,0,0,No,2.0,No,4.0,3.0
275,1,0,No,2.0,No,4.0,2.0
276,2,1,No,1.0,No,2.0,1.0
277,0,0,Yes,1.0,No,4.0,4.0
278,0,0,Yes,1.0,No,3.0,3.0
279,0,1,Yes,0.0,No,3.0,2.0
280,0,0,No,0.0,No,2.0,2.0
281,3,3,Yes,2.0,Yes,2.0,0.0
282,1,1,No,1.0,No,3.0,4.0
283,1,1,Yes,1.0,No,2.0,0.0
284,0,0,No,0.0,No,2.0,0.0
285,2,2,Yes,1.0,No,1.0,0.0
286,0,0,No,0.0,No,2.0,1.0
287,2,2,No,0.0,No,0.0,1.0
288,1,1,No,1.0,Yes,1.0,1.0
289,3,3,Yes,1.0,Yes,2.0,3.0
290,2,2,Yes,0.0,No,2.0,0.0
291,0,0,No,2.0,No,2.0,3.0
292,1,1,Yes,1.0,No,1.0,1.0
294,0,2,No,0.0,No,2.0,0.0
295,0,0,No,0.0,No,3.0,0.0
296,1,0,No,1.0,No,2.0,2.0
297,2,2,No,1.0,No,2.0,1.0
298,1,1,Yes,1.0,No,3.0,3.0
299,2,2,No,0.0,No,1.0,1.0
300,1,2,No,1.0,No,3.0,3.0
301,1,1,Yes,0.0,No,4.0,4.0
302,0,0,No,0.0,No,1.0,1.0
303,0,0,No,0.0,No,0.0,0.0
304,0,0,Yes,0.0,No,2.0,2.0
305,2,2,No,1.0,Yes,2.0,0.0
306,2,2,Yes,1.0,Yes,3.0,4.0
307,1,1,Yes,2.0,Yes,4.0,4.0
308,2,2,Yes,0.0,No,1.0,2.0
309,0,0,Yes,0.0,No,2.0,3.0
310,1,2,Yes,0.0,No,0.0,2.0
311,1,0,Yes,2.0,No,1.0,1.0
312,0,0,No,0.0,No,2.0,0.0
313,0,0,No,0.0,No,2.0,2.0
314,0,0,Yes,0.0,No,2.0,2.0
315,2,0,No,2.0,Yes,3.0,2.0
317,0,0,Yes,0.0,No,1.0,1.0
318,1,0,No,0.0,No,3.0,2.0
319,0,0,No,0.0,No,2.0,3.0
320,0,1,No,1.0,No,2.0,3.0
321,2,3,Yes,1.0,No,2.0,2.0
322,1,1,No,0.0,No,1.0,2.0
323,0,4,No,0.0,No,1.0,0.0
324,4,3,Yes,2.0,No,3.0,4.0
325,4,4,Yes,0.0,No,1.0,1.0
326,2,2,Yes,1.0,Yes,3.0,2.0
327,0,0,No,0.0,No,0.0,0.0
328,0,1,No,1.0,No,3.0,0.0
329,1,1,No,0.0,No,3.0,3.0
330,1,2,No,0.0,No,2.0,1.0
331,1,1,Yes,1.0,No,2.0,2.0
332,2,2,No,2.0,No,3.0,4.0
333,1,1,Yes,0.0,No,2.0,0.0
334,1,1,Yes,0.0,No,3.0,2.0
335,4,4,Yes,0.0,No,0.0,0.0
336,2,2,Yes,1.0,Yes,2.0,2.0
337,0,0,No,1.0,No,1.0,0.0
338,0,0,No,1.0,No,0.0,0.0
339,2,1,Yes,0.0,No,0.0,0.0
340,0,0,No,0.0,No,2.0,0.0
341,0,0,Yes,1.0,No,2.0,0.0
342,0,1,No,0.0,No,3.0,3.0
343,2,2,Yes,0.0,No,2.0,1.0
344,0,0,No,1.0,No,1.0,0.0
345,2,1,No,1.0,No,3.0,1.0
346,0,0,Yes,1.0,No,2.0,2.0
347,3,2,No,1.0,No,3.0,1.0
348,0,0,No,1.0,No,2.0,1.0
349,1,1,No,0.0,No,0.0,0.0
350,1,1,No,0.0,No,2.0,1.0
351,0,1,Yes,1.0,No,4.0,4.0
352,2,2,Yes,1.0,No,3.0,3.0
353,1,1,No,0.0,No,2.0,1.0
354,1,1,Yes,1.0,No,3.0,0.0
355,0,0,No,0.0,No,3.0,1.0
356,1,1,No,0.0,No,3.0,2.0
357,4,4,No,1.0,No,0.0,0.0
359,0,0,No,1.0,No,2.0,2.0
361,1,1,No,0.0,No,2.0,1.0
362,0,0,Yes,1.0,No,2.0,2.0
363,0,1,No,1.0,No,4.0,4.0
364,1,1,Yes,0.0,No,3.0,2.0
365,2,1,No,1.0,No,2.0,2.0
366,0,0,No,1.0,No,2.0,2.0
367,0,0,Yes,2.0,Yes,4.0,3.0
368,2,2,No,1.0,No,1.0,0.0
369,2,2,Yes,1.0,No,2.0,0.0
370,1,1,No,0.0,No,0.0,0.0
371,1,1,No,2.0,Yes,4.0,2.0
372,2,1,Yes,1.0,No,2.0,1.0
373,2,1,Yes,1.0,Yes,3.0,3.0
374,1,2,Yes,1.0,No,2.0,0.0
375,0,1,Yes,1.0,No,4.0,4.0
376,2,2,No,1.0,Yes,3.0,1.0
377,1,2,Yes,0.0,No,2.0,2.0
378,1,2,Yes,0.0,No,3.0,3.0
379,0,0,No,1.0,No,3.0,3.0
380,0,0,No,2.0,Yes,4.0,4.0
381,0,1,No,1.0,No,2.0,1.0
382,1,2,No,2.0,Yes,3.0,3.0
383,0,0,No,0.0,No,3.0,2.0
384,1,2,Yes,0.0,No,2.0,1.0
385,0,0,No,0.0,No,2.0,0.0
386,2,2,Yes,1.0,Yes,3.0,2.0
387,2,1,Yes,2.0,Yes,4.0,1.0
388,4,4,Yes,1.0,Yes,0.0,0.0
389,3,3,Yes,2.0,Yes,4.0,3.0
390,1,1,No,0.0,No,0.0,2.0
391,1,1,No,1.0,No,3.0,0.0
392,1,1,Yes,1.0,Yes,3.0,3.0
393,3,3,No,1.0,No,3.0,2.0
394,0,0,No,0.0,No,0.0,2.0
396,1,0,No,0.0,No,2.0,2.0
397,2,2,No,1.0,No,2.0,0.0
398,0,0,No,1.0,No,3.0,0.0
399,1,1,Yes,0.0,No,2.0,2.0
400,1,0,Yes,0.0,No,2.0,3.0
401,2,3,Yes,1.0,Yes,3.0,2.0
402,0,1,No,2.0,Yes,3.0,3.0
403,0,0,No,0.0,No,2.0,2.0
404,1,2,Yes,1.0,No,2.0,2.0
405,4,2,No,0.0,No,3.0,2.0
406,1,0,No,1.0,No,1.0,2.0
407,0,0,No,2.0,No,4.0,4.0
408,1,1,Yes,1.0,Yes,4.0,4.0
409,2,2,Yes,1.0,Yes,2.0,0.0
410,2,3,No,2.0,Yes,3.0,2.0
411,3,3,Yes,1.0,No,4.0,3.0
412,2,2,Yes,0.0,No,2.0,3.0
413,0,0,No,1.0,No,2.0,2.0
414,0,0,No,0.0,No,2.0,2.0
415,4,1,Yes,0.0,No,2.0,1.0
416,3,4,Yes,0.0,Yes,3.0,1.0
417,1,2,Yes,0.0,No,2.0,2.0
418,2,2,Yes,1.0,No,2.0,2.0
419,0,0,No,0.0,No,3.0,1.0
420,3,3,Yes,0.0,No,0.0,0.0
421,4,4,Yes,1.0,Yes,0.0,2.0
422,1,4,No,0.0,No,0.0,0.0
423,0,0,No,0.0,No,0.0,0.0
424,0,1,No,1.0,No,2.0,0.0
425,0,1,No,2.0,No,3.0,1.0
426,0,0,Yes,2.0,No,3.0,3.0
427,0,1,No,1.0,No,4.0,2.0
428,0,0,No,0.0,No,2.0,2.0
429,0,0,Yes,1.0,No,2.0,3.0
430,1,1,Yes,1.0,No,3.0,3.0
431,0,0,Yes,1.0,No,3.0,1.0
432,0,0,No,0.0,No,2.0,2.0
433,0,0,No,0.0,No,2.0,0.0
434,0,0,Yes,1.0,No,4.0,4.0
435,4,4,Yes,0.0,No,0.0,0.0
436,0,0,No,0.0,No,2.0,0.0
437,1,0,No,1.0,No,2.0,2.0
438,0,0,No,1.0,No,2.0,1.0
439,0,0,Yes,1.0,No,2.0,0.0
440,0,0,Yes,0.0,No,2.0,2.0
441,2,2,Yes,2.0,No,3.0,2.0
442,1,1,No,1.0,No,1.0,1.0
443,4,3,Yes,1.0,Yes,3.0,2.0
444,1,1,No,1.0,No,3.0,2.0
445,0,0,No,2.0,No,3.0,0.0
446,2,2,No,1.0,Yes,1.0,1.0
447,1,1,No,0.0,No,1.0,1.0
448,1,2,No,2.0,No,3.0,3.0
449,0,0,No,0.0,No,2.0,0.0
450,1,1,No,0.0,No,0.0,1.0
451,1,1,Yes,2.0,Yes,4.0,4.0
453,1,0,No,1.0,No,2.0,2.0
454,0,0,No,0.0,Yes,3.0,3.0
455,1,2,No,1.0,No,0.0,0.0
456,0,0,No,1.0,No,3.0,4.0
457,1,1,Yes,2.0,No,4.0,2.0
458,1,1,No,1.0,No,1.0,1.0
459,1,2,No,0.0,No,2.0,1.0
460,1,1,No,0.0,No,1.0,0.0
461,2,2,No,0.0,Yes,3.0,3.0
462,1,1,No,0.0,No,3.0,3.0
463,2,2,Yes,2.0,No,3.0,1.0
464,1,1,No,1.0,Yes,3.0,0.0
465,0,0,Yes,0.0,No,3.0,0.0
466,2,2,Yes,1.0,Yes,4.0,1.0
467,1,1,No,0.0,No,0.0,0.0
468,2,2,No,0.0,No,2.0,2.0
469,1,2,No,1.0,No,4.0,2.0
470,1,1,No,1.0,No,2.0,2.0
471,0,0,No,0.0,No,2.0,1.0
472,0,0,No,1.0,No,2.0,0.0
473,0,1,Yes,1.0,No,2.0,2.0
474,1,0,No,0.0,No,2.0,0.0
475,0,1,No,0.0,No,3.0,1.0
476,0,0,No,0.0,No,0.0,0.0
477,1,1,No,2.0,No,1.0,1.0
478,3,3,Yes,2.0,Yes,3.0,3.0
479,1,1,Yes,1.0,No,0.0,0.0
480,2,2,Yes,0.0,No,0.0,0.0
481,0,0,Yes,1.0,Yes,4.0,4.0
483,0,2,Yes,0.0,No,2.0,1.0
484,2,2,Yes,2.0,No,3.0,2.0
485,1,2,No,0.0,No,2.0,3.0
486,1,1,No,1.0,No,2.0,0.0
487,2,2,Yes,0.0,Yes,3.0,2.0
488,0,0,No,0.0,No,2.0,1.0
489,1,1,No,0.0,No,2.0,1.0
490,0,0,No,1.0,No,3.0,0.0
491,1,1,No,1.0,No,2.0,1.0
492,0,0,No,1.0,No,2.0,1.0
493,2,3,Yes,1.0,No,2.0,2.0
494,0,0,No,0.0,No,2.0,0.0
495,0,0,No,0.0,No,3.0,3.0
496,0,0,No,1.0,No,3.0,3.0
497,2,2,Yes,2.0,Yes,2.0,2.0
498,0,0,Yes,0.0,No,2.0,0.0
499,1,1,No,1.0,No,2.0,0.0
500,1,1,No,1.0,No,4.0,2.0
501,1,1,No,2.0,Yes,4.0,4.0
502,0,0,No,1.0,Yes,2.0,0.0
503,4,4,Yes,2.0,Yes,3.0,0.0
504,2,2,Yes,2.0,Yes,1.0,2.0
505,0,0,Yes,1.0,No,2.0,0.0
506,3,3,Yes,1.0,No,2.0,1.0
507,1,1,No,1.0,No,3.0,2.0
508,0,0,No,1.0,No,2.0,0.0
509,3,2,Yes,2.0,Yes,4.0,0.0
510,0,0,Yes,1.0,No,2.0,2.0
512,2,2,No,1.0,No,3.0,4.0
513,0,0,Yes,1.0,No,3.0,2.0
514,0,0,No,1.0,No,0.0,0.0
515,0,0,No,1.0,No,3.0,1.0
516,1,2,Yes,1.0,No,2.0,3.0
517,0,0,No,0.0,No,0.0,0.0
518,2,3,Yes,1.0,No,1.0,0.0
519,3,3,No,2.0,Yes,2.0,1.0
520,0,0,No,0.0,No,0.0,2.0
521,2,1,Yes,1.0,No,2.0,1.0
522,1,1,Yes,0.0,No,2.0,2.0
523,2,2,Yes,1.0,Yes,4.0,4.0
524,1,1,Yes,2.0,No,4.0,0.0
525,4,3,Yes,0.0,No,0.0,0.0
526,0,0,Yes,0.0,No,4.0,3.0
527,2,1,No,1.0,No,3.0,2.0
528,1,1,No,0.0,No,2.0,1.0
529,2,2,No,1.0,No,2.0,0.0
530,1,2,No,1.0,No,2.0,2.0
531,1,1,No,1.0,Yes,2.0,2.0
532,1,1,No,0.0,No,2.0,2.0
533,0,0,No,1.0,No,4.0,2.0
534,1,1,No,1.0,No,2.0,0.0
535,1,1,Yes,2.0,Yes,4.0,3.0
536,0,0,No,1.0,No,1.0,1.0
537,2,1,No,0.0,No,1.0,3.0
538,0,0,No,1.0,No,2.0,2.0
539,2,2,Yes,2.0,Yes,3.0,3.0
540,0,0,No,1.0,No,1.0,0.0
541,0,1,No,0.0,No,2.0,1.0
542,0,0,No,1.0,No,3.0,0.0
543,2,2,No,1.0,No,2.0,1.0
544,1,1,No,1.0,No,2.0,1.0
545,1,1,No,0.0,No,2.0,1.0
546,2,2,Yes,0.0,No,0.0,0.0
547,2,2,Yes,1.0,No,2.0,2.0
548,0,0,No,1.0,No,1.0,2.0
549,1,1,No,1.0,No,3.0,3.0
550,1,1,Yes,1.0,Yes,4.0,4.0
551,2,2,Yes,2.0,No,4.0,2.0
552,0,0,No,0.0,No,2.0,0.0
553,1,1,No,1.0,Yes,2.0,0.0
554,1,1,No,1.0,No,0.0,1.0
555,0,1,No,1.0,No,3.0,4.0
556,0,0,No,0.0,No,1.0,0.0
557,1,0,No,1.0,No,2.0,0.0
558,0,0,No,1.0,No,3.0,0.0
559,2,1,No,1.0,No,2.0,1.0
560,3,4,No,1.0,No,0.0,0.0
561,0,1,No,0.0,Yes,2.0,0.0
562,1,1,Yes,1.0,No,3.0,1.0
563,2,2,Yes,1.0,Yes,4.0,4.0
564,2,3,Yes,2.0,Yes,3.0,0.0
565,1,1,Yes,0.0,No,2.0,2.0
566,1,0,No,2.0,Yes,4.0,0.0
567,1,2,Yes,1.0,No,4.0,4.0
568,0,0,No,1.0,No,2.0,2.0
569,2,1,No,0.0,Yes,0.0,0.0
570,1,1,No,1.0,No,2.0,2.0
571,1,1,Yes,0.0,No,2.0,3.0
572,0,0,No,1.0,No,2.0,2.0
573,2,2,Yes,0.0,Yes,1.0,2.0
574,0,0,No,0.0,No,0.0,2.0
575,1,1,No,1.0,No,2.0,3.0
576,1,1,No,2.0,Yes,4.0,4.0
577,2,2,Yes,0.0,No,3.0,2.0
578,0,0,No,0.0,No,1.0,1.0
579,0,0,No,0.0,No,3.0,3.0
580,2,2,No,1.0,Yes,2.0,0.0
581,1,1,Yes,1.0,Yes,4.0,4.0
582,1,2,Yes,1.0,Yes,2.0,3.0
584,0,2,No,0.0,No,2.0,2.0
585,0,0,No,0.0,No,1.0,0.0
586,1,1,No,2.0,No,3.0,3.0
587,0,0,No,1.0,No,2.0,1.0
588,4,4,Yes,1.0,No,4.0,1.0
589,2,2,Yes,2.0,Yes,2.0,0.0
590,1,1,Yes,0.0,No,1.0,1.0
591,0,0,No,0.0,No,3.0,3.0
592,0,0,No,0.0,No,1.0,1.0
593,0,0,No,0.0,No,0.0,0.0
594,2,2,Yes,2.0,Yes,3.0,3.0
595,0,0,No,1.0,No,1.0,2.0
596,0,0,No,0.0,No,3.0,0.0
597,0,0,No,0.0,No,2.0,0.0
598,2,3,No,1.0,No,1.0,0.0
599,0,0,No,2.0,No,3.0,0.0
600,0,0,No,0.0,No,2.0,0.0
601,0,0,No,0.0,No,2.0,3.0
602,4,4,Yes,2.0,Yes,4.0,3.0
603,0,0,No,2.0,Yes,4.0,3.0
604,2,2,Yes,2.0,Yes,1.0,0.0
605,2,2,Yes,0.0,No,1.0,1.0
607,0,0,No,0.0,No,0.0,0.0
608,1,1,No,0.0,No,2.0,0.0
609,0,0,No,1.0,No,0.0,0.0
610,0,0,No,1.0,No,2.0,0.0
611,2,1,Yes,0.0,Yes,0.0,2.0
612,1,2,Yes,2.0,No,3.0,0.0
613,0,0,No,1.0,No,2.0,1.0
614,1,1,No,0.0,No,1.0,2.0
615,0,0,No,0.0,No,2.0,2.0
616,2,1,Yes,1.0,Yes,3.0,1.0
617,1,1,Yes,0.0,No,2.0,1.0
618,2,2,No,0.0,No,3.0,0.0
619,0,0,No,1.0,No,3.0,3.0
620,0,0,No,1.0,No,3.0,1.0
621,0,0,Yes,1.0,Yes,4.0,2.0
622,1,0,No,2.0,Yes,4.0,2.0
623,0,0,Yes,0.0,No,2.0,2.0
624,0,1,No,0.0,No,3.0,3.0
625,1,1,No,0.0,No,4.0,4.0
626,1,0,No,1.0,No,0.0,2.0
627,2,3,Yes,2.0,No,4.0,3.0
628,1,2,No,1.0,No,2.0,3.0
629,0,1,No,0.0,No,2.0,2.0
630,2,2,Yes,2.0,Yes,3.0,0.0
631,1,1,Yes,1.0,Yes,0.0,0.0
632,2,3,Yes,2.0,Yes,3.0,2.0
633,2,2,Yes,1.0,No,2.0,1.0
634,0,0,Yes,0.0,No,2.0,2.0
635,2,1,Yes,1.0,No,2.0,2.0
636,2,2,Yes,2.0,Yes,2.0,2.0
637,0,0,No,1.0,No,2.0,1.0
638,0,1,No,0.0,No,2.0,1.0
639,3,4,No,0.0,No,1.0,1.0
640,0,1,Yes,2.0,No,4.0,0.0
641,1,1,No,0.0,No,2.0,2.0
642,1,1,No,1.0,No,2.0,2.0
643,2,1,No,1.0,No,0.0,2.0
644,2,4,Yes,1.0,No,1.0,2.0
645,1,1,No,1.0,No,3.0,3.0
646,3,3,Yes,1.0,Yes,4.0,2.0
647,0,0,Yes,0.0,No,2.0,2.0
648,0,0,No,1.0,No,3.0,3.0
649,0,0,No,0.0,No,1.0,1.0
650,1,1,Yes,2.0,Yes,3.0,1.0
651,1,2,Yes,1.0,Yes,4.0,4.0
652,0,1,Yes,0.0,No,2.0,0.0
653,1,2,Yes,1.0,No,3.0,3.0
654,2,2,Yes,0.0,No,1.0,1.0
655,1,1,No,1.0,No,1.0,0.0
656,1,2,No,1.0,No,2.0,0.0
657,2,2,Yes,2.0,Yes,4.0,0.0
658,3,3,Yes,0.0,No,0.0,0.0
660,4,4,Yes,1.0,No,4.0,1.0
661,1,1,No,0.0,No,2.0,2.0
662,1,1,Yes,0.0,No,2.0,2.0
663,1,1,Yes,1.0,No,3.0,3.0
664,1,2,Yes,1.0,No,2.0,2.0
665,0,1,No,1.0,No,2.0,4.0
666,0,0,No,0.0,No,1.0,0.0
667,0,1,No,1.0,No,2.0,1.0
668,1,1,No,0.0,No,2.0,0.0
669,0,0,Yes,1.0,No,2.0,0.0
670,1,1,No,1.0,No,2.0,1.0
671,0,0,No,1.0,No,2.0,1.0
672,0,0,No,0.0,No,3.0,3.0
673,2,2,No,1.0,No,2.0,2.0
674,2,2,Yes,2.0,Yes,4.0,3.0
675,0,1,Yes,0.0,No,2.0,0.0
676,2,2,Yes,2.0,Yes,4.0,4.0
677,1,1,No,1.0,No,3.0,3.0
678,0,0,Yes,1.0,No,2.0,0.0
679,0,0,No,0.0,No,4.0,0.0
680,3,3,Yes,2.0,No,1.0,1.0
681,0,0,Yes,0.0,No,2.0,0.0
682,0,0,Yes,0.0,No,2.0,3.0
683,2,1,No,2.0,No,0.0,1.0
684,1,1,No,0.0,No,2.0,0.0
685,1,1,No,0.0,No,1.0,0.0
686,0,1,Yes,1.0,No,2.0,2.0
687,2,2,No,2.0,Yes,3.0,0.0
688,0,0,No,1.0,No,2.0,1.0
689,2,2,No,1.0,No,2.0,3.0
690,2,3,No,1.0,Yes,4.0,3.0
691,1,2,Yes,0.0,No,1.0,1.0
692,2,2,No,0.0,No,2.0,2.0
693,2,3,Yes,1.0,Yes,2.0,3.0
694,0,0,No,0.0,No,2.0,1.0
695,2,1,No,0.0,No,2.0,0.0
696,1,1,No,1.0,No,0.0,0.0
697,2,2,No,2.0,No,4.0,0.0
698,2,1,No,2.0,No,4.0,4.0
699,1,2,No,1.0,No,2.0,2.0
700,1,2,Yes,1.0,No,3.0,1.0
701,1,1,No,1.0,Yes,1.0,3.0
702,0,0,Yes,0.0,No,2.0,1.0
703,3,3,No,1.0,No,0.0,0.0
704,0,0,No,0.0,No,2.0,1.0
705,1,0,No,1.0,No,4.0,4.0
706,1,1,No,0.0,No,2.0,2.0
707,1,0,No,1.0,No,1.0,1.0
708,1,1,Yes,1.0,No,2.0,0.0
709,2,1,Yes,0.0,No,2.0,3.0
710,0,1,No,1.0,No,4.0,2.0
711,1,0,Yes,1.0,No,3.0,1.0
712,2,2,Yes,1.0,No,2.0,0.0
713,1,1,No,0.0,No,1.0,0.0
714,1,1,Yes,1.0,Yes,4.0,0.0
715,1,1,No,2.0,No,3.0,3.0
716,1,1,Yes,2.0,Yes,2.0,0.0
717,4,4,No,1.0,No,4.0,0.0
718,0,1,No,0.0,No,0.0,0.0
719,0,0,No,1.0,No,4.0,4.0
720,0,0,No,1.0,No,3.0,3.0
721,1,1,Yes,1.0,No,4.0,0.0
722,2,2,Yes,2.0,Yes,3.0,1.0
723,2,4,No,1.0,No,2.0,2.0
724,2,3,Yes,2.0,No,3.0,1.0
725,1,3,No,0.0,No,3.0,3.0
726,0,0,No,1.0,No,1.0,0.0
727,1,1,Yes,2.0,Yes,2.0,0.0
728,2,2,Yes,1.0,No,3.0,0.0
729,1,1,Yes,1.0,No,3.0,2.0
730,1,1,No,2.0,No,3.0,1.0
731,1,2,No,0.0,Yes,2.0,2.0
733,1,1,No,1.0,No,2.0,1.0
734,0,0,Yes,0.0,No,2.0,2.0
735,3,3,Yes,2.0,Yes,3.0,1.0
736,2,2,No,2.0,Yes,2.0,2.0
738,1,2,No,0.0,No,3.0,1.0
739,0,0,No,0.0,No,3.0,1.0
740,0,1,No,1.0,No,2.0,1.0
741,3,3,Yes,1.0,No,3.0,4.0
742,1,1,No,1.0,No,0.0,1.0
743,1,2,Yes,1.0,No,1.0,3.0
744,2,2,No,0.0,No,1.0,0.0
745,0,0,No,0.0,No,0.0,0.0
746,3,2,Yes,1.0,No,3.0,0.0
747,1,1,Yes,2.0,No,2.0,2.0
748,2,1,No,0.0,No,3.0,1.0
749,2,2,No,1.0,Yes,3.0,3.0
750,1,2,No,0.0,No,1.0,2.0
751,1,1,Yes,0.0,No,3.0,2.0
752,0,0,No,2.0,Yes,4.0,4.0
753,0,1,Yes,1.0,No,3.0,1.0
754,0,0,Yes,1.0,No,2.0,2.0
755,2,2,No,1.0,No,3.0,2.0
756,3,4,Yes,2.0,Yes,2.0,0.0
757,1,1,No,0.0,No,0.0,1.0
758,0,0,No,0.0,No,2.0,2.0
759,1,1,No,1.0,No,0.0,1.0
760,0,0,No,1.0,No,2.0,0.0
761,2,2,No,0.0,No,3.0,3.0
762,2,2,Yes,2.0,Yes,2.0,1.0
763,2,2,Yes,2.0,Yes,4.0,1.0
764,0,0,No,0.0,No,2.0,2.0
765,0,0,No,1.0,No,2.0,1.0
766,0,0,No,0.0,No,2.0,2.0
767,1,1,No,1.0,Yes,2.0,0.0
768,1,1,No,1.0,No,0.0,2.0
769,1,1,No,0.0,No,1.0,1.0
770,1,2,No,1.0,No,1.0,2.0
772,1,1,No,0.0,No,3.0,0.0
773,0,0,No,2.0,Yes,4.0,4.0
774,1,1,No,1.0,No,2.0,2.0
775,0,0,No,1.0,Yes,3.0,1.0
776,2,0,No,0.0,Yes,4.0,2.0
777,1,1,No,1.0,No,2.0,0.0
778,1,1,No,1.0,No,2.0,0.0
779,0,0,No,0.0,No,4.0,0.0
780,4,4,Yes,0.0,Yes,4.0,4.0
781,1,2,Yes,1.0,Yes,3.0,0.0
783,1,1,Yes,1.0,No,2.0,4.0
784,0,0,No,0.0,No,0.0,0.0
785,2,2,Yes,1.0,No,4.0,4.0
786,2,3,Yes,1.0,No,1.0,3.0
787,0,0,Yes,2.0,No,4.0,4.0
788,0,0,No,1.0,No,2.0,2.0
789,4,3,Yes,1.0,No,2.0,1.0
790,1,0,No,1.0,No,1.0,0.0
791,1,1,No,0.0,No,0.0,0.0
792,0,0,No,0.0,No,1.0,0.0
793,0,0,Yes,1.0,No,3.0,3.0
794,1,1,No,1.0,No,4.0,0.0
795,1,1,Yes,1.0,No,2.0,1.0
796,0,0,No,0.0,No,2.0,2.0
797,1,1,No,0.0,No,1.0,1.0
798,0,0,No,1.0,No,2.0,0.0
799,1,1,No,0.0,No,2.0,1.0
800,3,0,No,0.0,No,1.0,0.0
801,2,2,No,0.0,No,1.0,4.0
802,0,1,Yes,1.0,No,2.0,2.0
803,2,2,No,1.0,No,2.0,0.0
804,1,1,Yes,0.0,No,2.0,2.0
805,0,1,No,1.0,No,2.0,0.0
806,0,0,No,0.0,No,0.0,0.0
807,0,0,No,1.0,No,2.0,2.0
808,2,2,Yes,1.0,No,3.0,3.0
809,3,3,Yes,1.0,No,3.0,4.0
810,1,1,No,0.0,No,1.0,1.0
811,0,0,Yes,1.0,No,0.0,0.0
812,0,0,No,1.0,No,0.0,2.0
813,1,1,Yes,1.0,No,3.0,2.0
814,2,1,Yes,1.0,No,2.0,2.0
815,1,0,Yes,1.0,No,2.0,2.0
816,1,2,Yes,0.0,No,3.0,3.0
817,0,0,Yes,1.0,No,4.0,4.0
818,0,4,No,1.0,No,2.0,0.0
819,2,3,Yes,1.0,No,0.0,0.0
820,1,1,No,1.0,Yes,3.0,0.0
821,0,0,Yes,1.0,No,2.0,1.0
822,1,1,No,2.0,No,2.0,1.0
823,4,4,No,1.0,Yes,0.0,0.0
824,0,0,No,1.0,No,2.0,2.0
825,1,0,No,1.0,No,1.0,0.0
826,4,4,Yes,2.0,No,0.0,0.0
827,3,3,Yes,0.0,Yes,3.0,3.0
828,0,0,Yes,1.0,No,2.0,0.0
829,2,2,Yes,1.0,Yes,2.0,2.0
830,2,1,No,1.0,No,1.0,0.0
831,1,1,Yes,1.0,No,2.0,3.0
832,3,3,Yes,2.0,No,4.0,0.0
833,0,1,Yes,1.0,No,2.0,2.0
834,1,1,No,1.0,No,3.0,0.0
835,0,0,Yes,0.0,No,2.0,2.0
836,0,0,No,0.0,No,2.0,2.0
837,1,1,No,1.0,No,0.0,2.0
838,1,2,No,1.0,No,2.0,2.0
839,1,2,Yes,2.0,Yes,3.0,2.0
840,4,4,Yes,1.0,Yes,4.0,4.0
841,0,0,Yes,0.0,Yes,2.0,1.0
842,1,1,No,2.0,No,1.0,1.0
843,2,2,Yes,0.0,No,2.0,2.0
844,0,2,No,0.0,No,2.0,1.0
845,1,1,No,1.0,No,3.0,1.0
846,1,1,No,1.0,No,2.0,2.0
847,4,4,Yes,2.0,No,4.0,4.0
848,0,0,No,0.0,No,2.0,0.0
849,1,1,Yes,1.0,No,2.0,2.0
850,0,0,No,0.0,No,3.0,0.0
851,2,1,Yes,0.0,No,2.0,2.0
852,2,2,Yes,1.0,Yes,3.0,3.0
853,1,1,No,0.0,No,1.0,1.0
854,4,4,Yes,2.0,Yes,4.0,3.0
855,1,2,No,2.0,Yes,2.0,2.0
856,3,4,Yes,1.0,No,2.0,1.0
857,1,1,No,0.0,No,2.0,0.0
858,1,2,No,1.0,No,2.0,0.0
859,0,0,No,0.0,No,2.0,2.0
860,1,1,No,0.0,No,2.0,1.0
861,0,0,No,0.0,No,2.0,2.0
862,3,3,Yes,1.0,Yes,2.0,1.0
863,1,1,No,1.0,No,1.0,1.0
864,0,0,Yes,1.0,No,4.0,4.0
865,2,2,Yes,1.0,No,1.0,2.0
866,1,1,Yes,1.0,No,4.0,4.0
867,0,0,Yes,0.0,No,2.0,0.0
868,2,2,No,0.0,No,2.0,0.0
869,0,0,No,0.0,No,0.0,0.0
870,1,1,No,1.0,No,2.0,1.0
871,1,1,No,1.0,No,2.0,2.0
873,4,0,Yes,2.0,No,0.0,4.0
874,1,1,No,1.0,No,3.0,0.0
875,1,0,No,2.0,Yes,3.0,0.0
876,4,4,Yes,0.0,No,2.0,2.0
877,1,1,No,1.0,No,2.0,0.0
878,0,0,Yes,0.0,No,2.0,2.0
879,1,4,No,1.0,Yes,0.0,1.0
880,2,1,No,1.0,No,2.0,2.0
881,1,1,No,1.0,No,3.0,3.0
882,1,4,Yes,2.0,Yes,3.0,3.0
883,0,0,No,2.0,No,4.0,4.0
884,1,1,No,0.0,No,2.0,1.0
885,1,1,No,0.0,No,2.0,1.0
886,3,3,Yes,2.0,No,4.0,1.0
887,1,2,Yes,1.0,No,3.0,1.0
888,0,0,Yes,1.0,No,2.0,2.0
889,2,2,Yes,1.0,No,2.0,0.0
890,0,0,No,0.0,No,0.0,0.0
891,1,1,Yes,1.0,No,0.0,0.0
892,0,0,No,0.0,No,2.0,1.0
893,2,1,Yes,2.0,Yes,3.0,0.0
894,2,2,No,1.0,No,2.0,2.0
895,0,1,No,0.0,No,1.0,0.0
896,1,1,Yes,1.0,Yes,2.0,0.0
897,0,0,Yes,1.0,No,2.0,1.0
898,1,1,Yes,2.0,Yes,3.0,0.0
899,2,4,Yes,1.0,Yes,4.0,4.0
900,1,1,Yes,2.0,No,1.0,1.0
901,4,4,No,1.0,No,0.0,2.0
902,4,4,No,0.0,No,1.0,1.0
903,2,3,Yes,1.0,No,2.0,2.0
904,0,0,No,0.0,No,0.0,0.0
905,0,0,Yes,1.0,No,2.0,0.0
906,2,2,Yes,1.0,No,2.0,2.0
907,0,0,No,1.0,No,2.0,2.0
908,1,1,Yes,1.0,Yes,4.0,0.0
909,0,0,No,0.0,No,3.0,2.0
910,1,0,No,1.0,No,2.0,2.0
911,0,0,No,1.0,No,2.0,1.0
912,0,0,No,2.0,No,4.0,4.0
913,0,0,Yes,1.0,No,2.0,2.0
914,1,1,Yes,0.0,No,2.0,0.0
915,1,1,No,1.0,No,3.0,2.0
916,1,1,No,0.0,No,3.0,1.0
917,4,4,Yes,2.0,Yes,4.0,4.0
918,0,0,No,0.0,No,2.0,1.0
919,2,2,Yes,2.0,Yes,2.0,0.0
920,2,2,Yes,0.0,No,2.0,2.0
921,0,0,No,1.0,No,3.0,2.0
922,0,1,Yes,0.0,No,2.0,2.0
923,0,0,No,0.0,No,0.0,0.0
924,0,0,Yes,1.0,No,2.0,2.0
925,0,2,Yes,1.0,Yes,1.0,1.0
926,1,1,No,1.0,No,4.0,4.0
927,0,0,No,0.0,No,4.0,4.0
928,0,0,No,2.0,No,0.0,0.0
929,2,2,No,2.0,Yes,2.0,2.0
930,0,0,No,0.0,No,1.0,0.0
931,1,1,No,1.0,No,2.0,1.0
932,2,2,Yes,1.0,Yes,3.0,3.0
933,2,2,Yes,1.0,Yes,2.0,0.0
934,1,1,Yes,0.0,No,0.0,0.0
935,1,1,No,1.0,No,2.0,2.0
936,2,1,No,0.0,No,2.0,1.0
937,2,1,Yes,1.0,No,4.0,1.0
938,0,0,No,0.0,No,2.0,2.0
939,2,2,Yes,1.0,No,3.0,3.0
940,0,0,No,0.0,No,3.0,3.0
941,2,2,Yes,2.0,Yes,4.0,3.0
942,0,0,Yes,0.0,No,1.0,0.0
943,0,0,No,1.0,No,2.0,2.0
944,2,2,Yes,1.0,Yes,3.0,2.0
945,2,2,Yes,2.0,Yes,4.0,1.0
946,0,0,No,1.0,No,2.0,2.0
947,2,2,Yes,1.0,No,3.0,1.0
948,0,0,No,0.0,No,2.0,1.0
949,3,3,Yes,1.0,Yes,3.0,4.0
950,4,4,Yes,2.0,No,2.0,1.0
951,2,2,Yes,0.0,Yes,0.0,0.0
952,0,0,Yes,1.0,No,4.0,4.0
953,1,1,No,2.0,Yes,4.0,4.0
954,0,0,No,0.0,No,2.0,1.0
955,2,3,Yes,0.0,No,2.0,1.0
956,1,1,Yes,0.0,Yes,3.0,2.0
957,3,3,Yes,2.0,No,3.0,2.0
958,2,2,No,2.0,No,4.0,0.0
959,1,0,Yes,1.0,No,3.0,2.0
960,1,1,No,1.0,No,3.0,1.0
961,2,2,Yes,1.0,No,3.0,3.0
962,1,2,No,1.0,No,3.0,0.0
963,0,0,No,1.0,No,2.0,1.0
964,1,1,No,1.0,No,2.0,1.0
965,0,0,Yes,1.0,No,4.0,4.0
966,0,1,Yes,1.0,Yes,3.0,4.0
967,2,3,Yes,2.0,Yes,4.0,4.0
968,1,1,No,0.0,No,1.0,1.0
969,1,0,No,0.0,No,0.0,1.0
970,1,1,Yes,0.0,Yes,2.0,2.0
971,0,0,Yes,1.0,No,3.0,3.0
972,0,0,No,0.0,No,0.0,0.0
973,1,1,Yes,1.0,No,3.0,3.0
974,2,3,Yes,2.0,Yes,2.0,2.0
975,0,0,No,1.0,No,1.0,0.0
976,2,1,No,0.0,No,2.0,0.0
977,2,2,No,1.0,No,0.0,0.0
978,2,1,No,1.0,Yes,2.0,2.0
979,0,0,Yes,0.0,No,2.0,0.0
980,0,1,No,2.0,No,4.0,4.0
981,0,0,No,1.0,No,2.0,3.0
982,4,4,Yes,1.0,No,0.0,0.0
983,1,1,Yes,2.0,Yes,4.0,0.0
985,0,0,No,1.0,No,3.0,2.0
986,0,1,No,0.0,Yes,1.0,1.0
987,0,0,No,0.0,No,4.0,2.0
988,4,4,Yes,2.0,Yes,4.0,4.0
989,1,1,Yes,0.0,No,2.0,1.0
990,1,1,No,1.0,No,4.0,4.0
991,2,3,Yes,1.0,No,4.0,1.0
993,1,1,Yes,1.0,No,3.0,2.0
994,0,0,No,1.0,No,3.0,0.0
995,1,0,No,1.0,No,2.0,0.0
996,0,0,No,0.0,No,3.0,1.0
997,1,2,No,1.0,No,1.0,1.0
998,1,1,Yes,1.0,No,3.0,0.0
999,0,0,No,0.0,No,0.0,2.0
1000,0,1,No,0.0,No,2.0,0.0
1001,1,1,Yes,2.0,No,4.0,2.0
1002,0,0,No,2.0,No,3.0,2.0
1003,2,2,Yes,1.0,Yes,2.0,2.0
1004,0,0,No,0.0,No,0.0,0.0
1005,1,1,No,0.0,Yes,2.0,2.0
1006,0,0,No,1.0,No,3.0,2.0
1007,0,0,No,0.0,No,2.0,2.0
1008,0,0,No,1.0,No,3.0,1.0
1009,1,2,No,2.0,Yes,4.0,2.0
1010,1,4,No,1.0,No,2.0,2.0
1011,0,1,No,0.0,No,2.0,2.0
